library,rank,pathway,p_value,adj_p_value,z_score,combined_score,overlap_genes,n_overlap
KEGG_2021_Human,2,Proteoglycans in cancer,7.288040725963275e-12,1.1077821903464178e-09,73.03737886479003,1873.0279778590268,CD63;TGFB1;CAV1;WNT5A;CTNNB1;AKT1;HIF1A;MTOR,8
KEGG_2021_Human,3,Pathways in cancer,4.4673086116968873e-10,3.395154544889634e-08,33.55,722.3001241386931,TGFB1;WNT5A;CTNNB1;AKT1;ITGA6;HIF1A;MTOR;NFKB1;TGFBR2,9
KEGG_2021_Human,4,Gastric cancer,3.869884503108872e-09,1.9607414815751617e-07,64.02797202797203,1240.2244545020635,TGFB1;WNT5A;CTNNB1;AKT1;MTOR;TGFBR2,6
KEGG_2021_Human,5,Pancreatic cancer,7.731223560406196e-09,2.419665510466299e-07,100.15090543259558,1870.6184814365752,TGFB1;AKT1;MTOR;NFKB1;TGFBR2,5
KEGG_2021_Human,6,Hepatocellular carcinoma,7.95942602127072e-09,2.419665510466299e-07,56.464387464387464,1052.9992206037075,TGFB1;WNT5A;CTNNB1;AKT1;MTOR;TGFBR2,6
KEGG_2021_Human,7,Human papillomavirus infection,1.35585438978042e-08,3.060855797154347e-07,35.39068930041152,641.1465376082502,ITGB4;WNT5A;CTNNB1;AKT1;ITGA6;MTOR;NFKB1,7
KEGG_2021_Human,8,Colorectal cancer,1.4489049507361961e-08,3.060855797154347e-07,87.74250440917108,1583.7410331414999,TGFB1;CTNNB1;AKT1;MTOR;TGFBR2,5
KEGG_2021_Human,9,Neutrophil extracellular trap formation,1.610976735344393e-08,3.060855797154347e-07,49.931904161412355,895.9701032116429,C3;C5;ITGB2;AKT1;MTOR;NFKB1,6
KEGG_2021_Human,10,Kaposi sarcoma-associated herpesvirus infection,1.825649618113617e-08,3.083319355036331e-07,48.85396955985191,870.5164192355433,C3;CTNNB1;AKT1;HIF1A;MTOR;NFKB1,6
KEGG_2021_Human,11,Chagas disease,3.43301238179175e-08,5.21817882032346e-07,73.21060382916053,1258.2884105724506,C3;TGFB1;AKT1;NFKB1;TGFBR2,5
KEGG_2021_Human,12,Th17 cell differentiation,4.3689099900529136e-08,6.037039258982208e-07,69.60434173669468,1179.5268126481005,TGFB1;HIF1A;MTOR;NFKB1;TGFBR2,5
KEGG_2021_Human,13,Cellular senescence,2.881953119780083e-07,3.6504739517214384e-06,46.90160832544939,706.3207467833777,TGFB1;AKT1;MTOR;NFKB1;TGFBR2,5
KEGG_2021_Human,14,Hippo signaling pathway,3.584597267364094e-07,4.191221420302633e-06,44.807866184448464,665.0136841412675,TGFB1;ITGB2;WNT5A;CTNNB1;TGFBR2,5
KEGG_2021_Human,15,Tuberculosis,5.862751376858639e-07,6.365272923446523e-06,40.42040816326531,580.0117026906897,C3;TGFB1;ITGB2;AKT1;NFKB1,5
KEGG_2021_Human,16,Chronic myeloid leukemia,7.14495857673715e-07,6.734440746101351e-06,73.73703703703704,1043.5035891712582,TGFB1;AKT1;NFKB1;TGFBR2,4
KEGG_2021_Human,17,Pertussis,7.14495857673715e-07,6.734440746101351e-06,73.73703703703704,1043.5035891712582,C3;C5;ITGB2;NFKB1,4
KEGG_2021_Human,18,Leishmaniasis,7.531940308139669e-07,6.734440746101351e-06,72.72328767123288,1025.321485125509,C3;TGFB1;ITGB2;NFKB1,4
KEGG_2021_Human,19,Focal adhesion,1.011428282069137e-06,8.49633848403384e-06,36.05138483965015,497.6586189590286,ITGB4;CAV1;CTNNB1;AKT1;ITGA6,5
KEGG_2021_Human,20,Diabetic cardiomyopathy,1.06204231050423e-06,8.49633848403384e-06,35.683621933621936,490.83952410920193,TGFB1;AKT1;MTOR;NFKB1;TGFBR2,5
KEGG_2021_Human,21,PD-L1 expression and PD-1 checkpoint pathway in cancer,1.3491825734356798e-06,1.0253787558111165e-05,62.41882352941177,843.6535460067279,AKT1;HIF1A;MTOR;NFKB1,4
KEGG_2021_Human,22,Human T-cell leukemia virus 1 infection,1.54309491981856e-06,1.1169067991067672e-05,32.98898531375167,441.44938005975877,TGFB1;ITGB2;AKT1;NFKB1;TGFBR2,5
KEGG_2021_Human,23,Prostate cancer,1.9054079051134158e-06,1.3164636435329054e-05,57.02652329749104,751.0857570164227,CTNNB1;AKT1;MTOR;NFKB1,4
KEGG_2021_Human,24,AGE-RAGE signaling pathway in diabetic complications,2.15250350312219e-06,1.4225240542372733e-05,55.236111111111114,720.769328837962,TGFB1;AKT1;NFKB1;TGFBR2,4
KEGG_2021_Human,25,HIF-1 signaling pathway,3.0374025990317126e-06,1.9236883127200844e-05,50.47873015873016,641.3074218420367,AKT1;HIF1A;MTOR;NFKB1,4
KEGG_2021_Human,26,Toxoplasmosis,3.3848523469167164e-06,2.0579902269253635e-05,49.069135802469134,618.0846617599838,TGFB1;AKT1;ITGA6;NFKB1,4
KEGG_2021_Human,27,Thyroid hormone signaling pathway,4.604961763246545e-06,2.6921314923595186e-05,45.27407407407407,556.3448539487607,CTNNB1;AKT1;HIF1A;MTOR,4
KEGG_2021_Human,28,Osteoclast differentiation,5.581745955554914e-06,3.14231624164573e-05,43.05257452574526,520.76432614901,TGFB1;AKT1;NFKB1;TGFBR2,4
KEGG_2021_Human,29,Relaxin signaling pathway,5.939035036932155e-06,3.224047591477456e-05,42.35946666666667,509.7522922443556,TGFB1;AKT1;NFKB1;TGFBR2,4
KEGG_2021_Human,30,Fluid shear stress and atherosclerosis,7.985169823984215e-06,4.185330390502071e-05,39.20197530864198,460.1498267627288,CAV1;CTNNB1;AKT1;NFKB1,4
KEGG_2021_Human,31,Breast cancer,9.964193753080266e-06,5.048524834894001e-05,36.99393939393939,426.04116602581513,WNT5A;CTNNB1;AKT1;MTOR,4
KEGG_2021_Human,32,Hepatitis C,1.2921294474466184e-05,6.335602451996323e-05,34.55860566448802,389.0135711302061,CD81;CTNNB1;AKT1;NFKB1,4
KEGG_2021_Human,33,Malaria,1.3849289100030806e-05,6.578412322514633e-05,79.52393617021276,889.6562746439253,TGFB1;CD81;ITGB2,3
KEGG_2021_Human,34,Hepatitis B,1.4621135266635357e-05,6.734583516753256e-05,33.45654008438819,372.47308115826553,TGFB1;AKT1;NFKB1;TGFBR2,4
KEGG_2021_Human,35,PI3K-Akt signaling pathway,1.6009557197684482e-05,7.157213806023651e-05,20.090053213262383,221.8408906040826,ITGB4;AKT1;ITGA6;MTOR;NFKB1,5
KEGG_2021_Human,36,Alzheimer disease,1.955066512671952e-05,8.490574569318191e-05,19.247448979591837,208.69048962601246,WNT5A;CTNNB1;AKT1;MTOR;NFKB1,5
KEGG_2021_Human,37,Legionellosis,2.058840388329684e-05,8.692881639614221e-05,69.19097222222223,746.6247362925766,C3;ITGB2;NFKB1,3
KEGG_2021_Human,38,Acute myeloid leukemia,3.3506140611826125e-05,0.00013764684791885327,58.3505859375,601.2317073910531,AKT1;MTOR;NFKB1,3
KEGG_2021_Human,39,Adipocytokine signaling pathway,3.660194055046882e-05,0.0001426537170172118,56.57670454545455,577.9541936897405,AKT1;MTOR;NFKB1,3
KEGG_2021_Human,40,Renal cell carcinoma,3.660194055046882e-05,0.0001426537170172118,56.57670454545455,577.9541936897405,TGFB1;AKT1;HIF1A,3
KEGG_2021_Human,41,Central carbon metabolism in cancer,3.821790180822853e-05,0.0001452280268712684,55.7294776119403,566.8917554313716,AKT1;HIF1A;MTOR,3
KEGG_2021_Human,42,Arrhythmogenic right ventricular cardiomyopathy,5.085723386971308e-05,0.00018854389141942412,50.44003378378378,498.674798134889,ITGB4;CTNNB1;ITGA6,3
KEGG_2021_Human,43,Human cytomegalovirus infection,5.293491644277612e-05,0.0001915739833167136,23.84313725490196,234.77019660861689,CTNNB1;AKT1;MTOR;NFKB1,4
KEGG_2021_Human,44,B cell receptor signaling pathway,5.917620528943831e-05,0.000209181004744061,47.84375,465.75847730931474,CD81;AKT1;NFKB1,3
KEGG_2021_Human,45,Complement and coagulation cascades,6.834065620830301e-05,0.00023608590326504677,45.50076219512195,436.3980699868977,C3;C5;ITGB2,3
KEGG_2021_Human,46,Shigellosis,7.486129781594419e-05,0.00025286482817830035,21.750964187327824,206.63140869730663,C3;AKT1;MTOR;NFKB1,4
KEGG_2021_Human,47,Hypertrophic cardiomyopathy,8.104295474585264e-05,0.00026025915561966997,42.875,403.90527684424575,TGFB1;ITGB4;ITGA6,3
KEGG_2021_Human,48,Herpes simplex virus 1 infection,8.169478453629596e-05,0.00026025915561966997,14.117647058823529,132.8826408691908,C3;C5;AKT1;MTOR;NFKB1,5
KEGG_2021_Human,49,Endocytosis,8.218710177463263e-05,0.00026025915561966997,21.218279569892474,199.5900052326055,TSG101;PDCD6IP;CAV1;TGFBR2,4
KEGG_2021_Human,50,Small cell lung cancer,8.652680954774387e-05,0.0002684096949236136,41.907303370786515,392.0451805323631,AKT1;ITGA6;NFKB1,3
KEGG_2021_Human,51,Staphylococcus aureus infection,9.519884552274388e-05,0.0002894044903891414,40.53464673913044,375.3322940575354,C3;C5;ITGB2,3
KEGG_2021_Human,52,Dilated cardiomyopathy,9.821083440888515e-05,0.0002927068005911871,40.096774193548384,370.02883113531794,TGFB1;ITGB4;ITGA6,3
KEGG_2021_Human,53,Choline metabolism in cancer,0.00010442022318891157,0.0003052283447060492,39.248684210526314,359.79611035149287,AKT1;HIF1A;MTOR,3
KEGG_2021_Human,54,Amoebiasis,0.00011759661871827767,0.00033101270454033714,37.65530303030303,340.71460601077206,TGFB1;ITGB2;NFKB1,3
KEGG_2021_Human,55,Longevity regulating pathway,0.00011759661871827767,0.00033101270454033714,37.65530303030303,340.71460601077206,AKT1;MTOR;NFKB1,3
KEGG_2021_Human,56,Insulin resistance,0.00013932313085758045,0.0003850384707336769,35.49285714285714,315.1309503403191,AKT1;MTOR;NFKB1,3
KEGG_2021_Human,57,MAPK signaling pathway,0.00014896574852823298,0.0004043356031480609,18.106666666666666,159.55221948345684,TGFB1;AKT1;NFKB1;TGFBR2,4
KEGG_2021_Human,58,FoxO signaling pathway,0.00024644535409464784,0.0006571876109190608,29.08154296875,241.6202271905208,TGFB1;AKT1;TGFBR2,3
KEGG_2021_Human,59,Autophagy,0.00028115508108417047,0.0007368202124964467,27.77098880597015,227.07238234511914,AKT1;HIF1A;MTOR,3
KEGG_2021_Human,60,Signaling pathways regulating pluripotency of stem cells,0.00031888389725724046,0.0008215313963237381,26.572767857142857,213.92894320191076,WNT5A;CTNNB1;AKT1,3
KEGG_2021_Human,61,mTOR signaling pathway,0.0003962581555858075,0.0010038539941507124,24.623344370860927,192.8856052532414,WNT5A;AKT1;MTOR,3
KEGG_2021_Human,62,Non-alcoholic fatty liver disease,0.0004038366410340549,0.001006281466183219,24.46011513157895,191.14357252459223,TGFB1;AKT1;NFKB1,3
KEGG_2021_Human,63,Pathways of neurodegeneration,0.0009170821495680843,0.0022483304311991747,11.046001415428167,77.25919687160632,WNT5A;CTNNB1;MTOR;NFKB1,4
KEGG_2021_Human,64,Rap1 signaling pathway,0.0009766920756002053,0.0023564634204957333,17.911231884057973,124.14882240632652,ITGB2;CTNNB1;AKT1,3
KEGG_2021_Human,65,Human immunodeficiency virus 1 infection,0.001003795315971762,0.002384013875432935,17.73803827751196,122.4628335210693,AKT1;MTOR;NFKB1,3
KEGG_2021_Human,66,Regulation of actin cytoskeleton,0.001087962575640175,0.0025441586384201014,17.23779069767442,117.62117757114662,ITGB4;ITGB2;ITGA6,3
KEGG_2021_Human,67,Coronavirus disease,0.0013014380027661114,0.00299725115788559,16.17248908296943,107.454634225774,C3;C5;NFKB1,3
KEGG_2021_Human,68,Endometrial cancer,0.0013692327649010019,0.0031063191084321237,41.859243697478995,275.99912096338653,CTNNB1;AKT1,2
KEGG_2021_Human,69,Chemical carcinogenesis,0.0014174076402941108,0.003168322960657424,15.687235169491526,102.89140962089463,AKT1;MTOR;NFKB1,3
KEGG_2021_Human,70,Viral myocarditis,0.0014644900548893547,0.0032261230194664046,40.411764705882355,263.73720596373187,CAV1;ITGB2,2
KEGG_2021_Human,71,Salmonella infection,0.0015940931733572723,0.0034535344188470467,15.041920731707316,96.89178402429894,CTNNB1;AKT1;NFKB1,3
KEGG_2021_Human,72,Basal cell carcinoma,0.001613164103540397,0.0034535344188470467,38.41851494696239,247.0140604025296,WNT5A;CTNNB1,2
KEGG_2021_Human,73,Inflammatory bowel disease,0.0017161231052228564,0.0036229265554704746,37.19514472455649,236.8470596426402,TGFB1;NFKB1,2
KEGG_2021_Human,74,Prolactin signaling pathway,0.0019868924216423383,0.004137091069721033,34.451557093425606,214.32945709106943,AKT1;NFKB1,2
KEGG_2021_Human,75,Adherens junction,0.0020433278549486355,0.0041971058642188185,33.950554134697356,210.26174003794637,CTNNB1;TGFBR2,2
KEGG_2021_Human,76,Glioma,0.0022766302326294946,0.004613970604795776,32.08380338436744,195.2318332475365,AKT1;MTOR,2
KEGG_2021_Human,77,Bacterial invasion of epithelial cells,0.0023977991485644597,0.004795598297128919,31.225098039215688,188.38738588415123,CAV1;CTNNB1,2
KEGG_2021_Human,78,ErbB signaling pathway,0.0029123453344535267,0.005749045335544625,28.204110559886605,164.67806387147755,AKT1;MTOR,2
KEGG_2021_Human,79,ECM-receptor interaction,0.003117527372663636,0.0060751815467291375,27.216142270861834,157.05660316957147,ITGB4;ITGA6,2
KEGG_2021_Human,80,Rheumatoid arthritis,0.003474178289899556,0.006684494937528259,25.714285714285715,145.60450177539863,TGFB1;ITGB2,2
KEGG_2021_Human,81,TGF-beta signaling pathway,0.0035476988486272047,0.0067406278123916885,25.433503836317136,143.48199529383507,TGFB1;TGFBR2,2
KEGG_2021_Human,82,Melanogenesis,0.004082628592418498,0.007661228963550762,23.626856803327392,129.97167560734698,WNT5A;CTNNB1,2
KEGG_2021_Human,83,T cell receptor signaling pathway,0.004322680484764938,0.007821993258146078,22.928489042675896,124.81993345011934,AKT1;NFKB1,2
KEGG_2021_Human,84,Toll-like receptor signaling pathway,0.004322680484764938,0.007821993258146078,22.928489042675896,124.81993345011934,AKT1;NFKB1,2
KEGG_2021_Human,85,C-type lectin receptor signaling pathway,0.004322680484764938,0.007821993258146078,22.928489042675896,124.81993345011934,AKT1;NFKB1,2
KEGG_2021_Human,86,TNF signaling pathway,0.004994148562059991,0.008930712722742573,21.2524064171123,112.62687999289396,AKT1;NFKB1,2
KEGG_2021_Human,87,Leukocyte transendothelial migration,0.005169080596996588,0.009136049427249783,20.87079831932773,109.88601459301385,ITGB2;CTNNB1,2
KEGG_2021_Human,88,Sphingolipid signaling pathway,0.005618663271592417,0.009595919295303904,19.973856209150327,103.49776163356326,AKT1;NFKB1,2
KEGG_2021_Human,89,"Growth hormone synthesis, secretion and action",0.005618663271592417,0.009595919295303904,19.973856209150327,103.49776163356326,AKT1;MTOR,2
KEGG_2021_Human,90,Neurotrophin signaling pathway,0.005618663271592417,0.009595919295303904,19.973856209150327,103.49776163356326,AKT1;NFKB1,2
KEGG_2021_Human,91,AMPK signaling pathway,0.005710670135212713,0.009644687339470359,19.80358923230309,102.2938341186148,AKT1;MTOR,2
KEGG_2021_Human,92,Systemic lupus erythematosus,0.007173331462956261,0.011933490211112136,17.556833259619637,86.68484681803552,C3;C5,2
KEGG_2021_Human,93,Apelin signaling pathway,0.007379921577924611,0.011933490211112136,17.294989106753814,84.900967778125,AKT1;MTOR,2
KEGG_2021_Human,94,Yersinia infection,0.007379921577924611,0.011933490211112136,17.294989106753814,84.900967778125,AKT1;NFKB1,2
KEGG_2021_Human,95,Insulin signaling pathway,0.007379921577924611,0.011933490211112136,17.294989106753814,84.900967778125,AKT1;MTOR,2
KEGG_2021_Human,96,Measles,0.007589202325999207,0.012142723721598733,17.040790038643195,83.17658675716766,AKT1;NFKB1,2
KEGG_2021_Human,97,Apoptosis,0.007908146852712305,0.012521232516794482,16.67310924369748,80.69554457749676,AKT1;NFKB1,2
KEGG_2021_Human,98,Spinocerebellar ataxia,0.008015796356741899,0.012560835528090397,16.554025865665416,79.89537606080792,AKT1;MTOR,2
KEGG_2021_Human,99,Cell adhesion molecules,0.008563998802236471,0.013148765837777208,15.983078162771958,76.08245764251495,ITGB2;ITGA6,2
KEGG_2021_Human,100,Phospholipase D signaling pathway,0.008563998802236471,0.013148765837777208,15.983078162771958,76.08245764251495,AKT1;MTOR,2
KEGG_2021_Human,101,Phagosome,0.009014433547218155,0.013701938991771596,15.55372549019608,73.24137749001156,C3;ITGB2,2
KEGG_2021_Human,102,Cushing syndrome,0.00935913442405226,0.014085033984712312,15.24644367550942,71.2222746266767,WNT5A;CTNNB1,2
KEGG_2021_Human,103,JAK-STAT signaling pathway,0.01018615545599409,0.015179368914814723,14.574264705882353,66.84815578079817,AKT1;MTOR,2
KEGG_2021_Human,104,Wnt signaling pathway,0.01067289622724377,0.015750293461563623,14.215925394548064,64.54098101179628,WNT5A;CTNNB1,2
KEGG_2021_Human,105,Influenza A,0.011422110110227543,0.01669385323802487,13.710034602076124,61.31407595553168,AKT1;NFKB1,2
KEGG_2021_Human,106,Transcriptional misregulation in cancer,0.014081981816874495,0.020193030529857766,12.254489164086687,52.23916167979874,NFKB1;TGFBR2,2
KEGG_2021_Human,107,Chemokine signaling pathway,0.014081981816874495,0.020193030529857766,12.254489164086687,52.23916167979874,AKT1;NFKB1,2
KEGG_2021_Human,108,Epstein-Barr virus infection,0.01550356752492313,0.022023759474657158,11.635882352941177,48.48305784227006,AKT1;NFKB1,2
KEGG_2021_Human,109,Viral carcinogenesis,0.01564902118805124,0.02202454833873878,11.57740708223588,48.13129753421252,C3;NFKB1,2
KEGG_2021_Human,110,Lipid and atherosclerosis,0.017440516468481087,0.024311171802454137,10.91853079259873,44.20868621548845,AKT1;NFKB1,2
KEGG_2021_Human,111,cAMP signaling pathway,0.017593611172828653,0.024311171802454137,10.866959868059373,43.904902560261746,AKT1;NFKB1,2
KEGG_2021_Human,112,Ras signaling pathway,0.020121238255622897,0.02755340734103316,10.102813299232736,39.46138054928236,AKT1;NFKB1,2
KEGG_2021_Human,113,Prion disease,0.02724474118670269,0.036975005896239366,8.556544388973302,30.828328946768593,C5;CAV1,2
KEGG_2021_Human,114,Cytokine-cytokine receptor interaction,0.03143106984565458,0.04227896120831413,7.905239911664324,27.351801155394167,TGFB1;TGFBR2,2
KEGG_2021_Human,115,MicroRNAs in cancer,0.03442367023685725,0.045713603946534155,7.514514896867838,25.31648231731918,MTOR;NFKB1,2
KEGG_2021_Human,116,Thyroid cancer,0.03458595035428571,0.045713603946534155,30.77932098765432,103.55110778477112,CTNNB1,1
KEGG_2021_Human,117,Neuroactive ligand-receptor interaction,0.04094755411488778,0.0536554157367495,6.816588582335589,21.78215795785678,C3;C5,2
KEGG_2021_Human,118,Type II diabetes mellitus,0.04282574798293701,0.05563686917441389,24.612345679012346,77.54404440566205,MTOR,1
KEGG_2021_Human,119,Carbohydrate digestion and absorption,0.04373715736448407,0.056339389147471,24.07608695652174,75.34749261223973,AKT1,1
KEGG_2021_Human,120,Intestinal immune network for IgA production,0.04464774457519721,0.05702905189436954,23.562647754137117,73.25512875801161,TGFB1,1
KEGG_2021_Human,121,Cocaine addiction,0.04555751032182184,0.057706179740974334,23.07060185185185,71.26000869785321,NFKB1,1
KEGG_2021_Human,122,Regulation of lipolysis in adipocytes,0.05099889303736216,0.06406472513784338,20.50102880658436,61.01006438702954,AKT1,1
KEGG_2021_Human,123,VEGF signaling pathway,0.05461014047974239,0.0680388635485315,19.083333333333332,55.485472758532836,AKT1,1
KEGG_2021_Human,124,Cytosolic DNA-sensing pathway,0.058208366956890085,0.07193229087355524,17.84856630824373,50.75643515113452,NFKB1,1
KEGG_2021_Human,125,GnRH secretion,0.05910589424922246,0.0724523864990469,17.56437389770723,49.67950767349094,AKT1,1
KEGG_2021_Human,126,Fc epsilon RI signaling pathway,0.06268790682834453,0.07562350665006641,16.512437810945272,45.73262853376193,AKT1,1
KEGG_2021_Human,127,Mitophagy,0.06268790682834453,0.07562350665006641,16.512437810945272,45.73262853376193,HIF1A,1
KEGG_2021_Human,128,Epithelial cell signaling in Helicobacter pylori infection,0.06447406482797437,0.07656295198321957,16.03220611916264,43.95216853322471,NFKB1,1
KEGG_2021_Human,129,RIG-I-like receptor signaling pathway,0.06447406482797437,0.07656295198321957,16.03220611916264,43.95216853322471,NFKB1,1
KEGG_2021_Human,130,Melanoma,0.06625699797015604,0.07746972070356706,15.579029733959311,42.28482356965927,AKT1,1
KEGG_2021_Human,131,Non-small cell lung cancer,0.06625699797015604,0.07746972070356706,15.579029733959311,42.28482356965927,AKT1,1
KEGG_2021_Human,132,Th1 and Th2 cell differentiation,0.08391016734252489,0.09736141554247163,12.142857142857142,30.0901030781943,NFKB1,1
KEGG_2021_Human,133,IL-17 signaling pathway,0.0856579879469774,0.09863647096924671,11.8805256869773,29.195118234670645,NFKB1,1
KEGG_2021_Human,134,Fc gamma R-mediated phagocytosis,0.08827379654488644,0.10088433890844165,11.507523148148149,27.932348685816894,AKT1,1
KEGG_2021_Human,135,Hematopoietic cell lineage,0.09001372859328408,0.10210512497148641,11.27154195011338,27.139540712465095,ITGA6,1
KEGG_2021_Human,136,Progesterone-mediated oocyte maturation,0.09088251453617983,0.10232697932962471,11.15712682379349,26.75688382123247,AKT1,1
KEGG_2021_Human,137,NF-kappa B signaling pathway,0.09434980672385117,0.10544978398548072,10.72168284789644,25.311170493332494,NFKB1,1
KEGG_2021_Human,138,Glucagon signaling pathway,0.09694205047358935,0.10755614359113563,10.416666666666666,24.308769758353346,AKT1,1
KEGG_2021_Human,139,Cholinergic synapse,0.10210546516485934,0.1124639906163668,9.855654761904763,22.48813067007111,AKT1,1
KEGG_2021_Human,140,Cell cycle,0.11149916559804166,0.12105623693501665,8.969286359530262,19.676265858335118,TGFB1,1
KEGG_2021_Human,141,Platelet activation,0.11149916559804166,0.12105623693501665,8.969286359530262,19.676265858335118,AKT1,1
KEGG_2021_Human,142,Lysosome,0.11489191444259662,0.12385511344166444,8.68503937007874,18.792370898346142,CD63,1
KEGG_2021_Human,143,Natural killer cell mediated cytotoxicity,0.11742841776762576,0.12569802465266983,8.483333333333333,18.170675130648927,ITGB2,1
KEGG_2021_Human,144,Dopaminergic synapse,0.11827238747302597,0.1257161041671325,8.418150975402884,17.97077361487006,AKT1,1
KEGG_2021_Human,145,Estrogen signaling pathway,0.12248077981539765,0.12928526758291975,8.106617647058824,17.022285145241106,AKT1,1
KEGG_2021_Human,146,Adrenergic signaling in cardiomyocytes,0.13333372483507147,0.1397705253443508,7.3944817300522,14.899141861115272,AKT1,1
KEGG_2021_Human,147,cGMP-PKG signaling pathway,0.14733425989803825,0.15338909249658775,6.631526104417671,12.699713328461943,AKT1,1
KEGG_2021_Human,148,NOD-like receptor signaling pathway,0.158702951903336,0.16382054913380212,6.11141975308642,11.249418991600143,NFKB1,1
KEGG_2021_Human,149,Axon guidance,0.15950948205133364,0.16382054913380212,6.077348066298343,11.15589558518887,WNT5A,1
KEGG_2021_Human,150,Pathogenic Escherichia coli infection,0.17151988032070245,0.17497330072984413,5.607993197278912,9.887206608811388,NFKB1,1
KEGG_2021_Human,151,Thermogenesis,0.19891495978074503,0.20156715924448831,4.74987974987975,7.670475756784212,MTOR,1
KEGG_2021_Human,152,Huntington disease,0.2540368691872344,0.2557192325593353,3.583970856102004,4.911028776509646,MTOR,1
KEGG_2021_Human,153,Amyotrophic lateral sclerosis,0.29470799573951917,0.29470799573951917,3.002448729721457,3.6683025585825018,MTOR,1
Reactome_2022,2,VEGFR2 Mediated Vascular Permeability R-HSA-5218920,1.0065020575858948e-08,3.05976625506112e-06,231.39710144927537,4260.992443853523,CAV1;CTNNB1;AKT1;MTOR,4
Reactome_2022,3,Infectious Disease R-HSA-5663205,7.858472637848598e-08,8.119122394847724e-06,17.989600840336134,294.29347181798073,C3;TSG101;TGFB1;PDCD6IP;CAV1;WNT5A;CTNNB1;AKT1;NFKB1,9
Reactome_2022,4,Disease R-HSA-1643685,8.012291837020781e-08,8.119122394847724e-06,14.551884057971014,237.77347672089115,C3;TSG101;TGFB1;PDCD6IP;CAV1;WNT5A;CTNNB1;AKT1;MTOR;NFKB1;TGFBR2,11
Reactome_2022,5,Immune System R-HSA-168256,2.556029434993531e-07,1.587674513177799e-05,12.845432194616977,194.98904404631665,C3;CD63;C5;TGFB1;CD81;ITGB2;CTNNB1;AKT1;HIF1A;MTOR;NFKB1,11
Reactome_2022,6,Signal Transduction R-HSA-162582,2.6113067650950644e-07,1.587674513177799e-05,12.249490419894007,185.68077542329135,C3;C5;GPR143;TGFB1;CAV1;WNT5A;CTNNB1;AKT1;HIF1A;MTOR;NFKB1;TGFBR2,12
Reactome_2022,7,Syndecan Interactions R-HSA-3000170,8.201294722166984e-07,4.1553226592312717e-05,220.19117647058823,3085.7159050798964,TGFB1;ITGB4;ITGA6,3
Reactome_2022,8,VEGFA-VEGFR2 Pathway R-HSA-4420097,1.6095025795088258e-06,6.989839773866901e-05,59.601498127340825,795.0592732560684,CAV1;CTNNB1;AKT1;MTOR,4
Reactome_2022,9,Signaling By VEGF R-HSA-194138,2.3299456163630656e-06,8.853793342179649e-05,54.10340136054422,701.7030251609692,CAV1;CTNNB1;AKT1;MTOR,4
Reactome_2022,10,Interleukin-4 And Interleukin-13 Signaling R-HSA-6785807,2.8209582509501543e-06,9.528570092098299e-05,51.46407766990291,657.6303160382333,TGFB1;ITGB2;AKT1;HIF1A,4
Reactome_2022,11,Cell Surface Interactions At Vascular Wall R-HSA-202733,6.9061833596887195e-06,0.00020929212984324697,40.72,483.8795635969152,TGFB1;CAV1;ITGB2;ITGA6,4
Reactome_2022,12,Non-integrin membrane-ECM Interactions R-HSA-3000171,7.573070487749067e-06,0.00020929212984324697,98.4029605263158,1160.2606441794771,TGFB1;ITGB4;ITGA6,3
Reactome_2022,13,Regulation Of Complement Cascade R-HSA-977606,1.0056706502888636e-05,0.00025476989807317877,89.01339285714286,1024.3012193085026,C3;C5;CD81,3
Reactome_2022,14,Hemostasis R-HSA-109582,1.095286262615663e-05,0.0002561284798732012,15.717408906882591,179.52282539104124,CD63;TGFB1;CAV1;ITGB2;AKT1;ITGA6,6
Reactome_2022,15,Activation Of C3 And C5 R-HSA-174577,1.279581705312247e-05,0.00025932855894328203,587.5588235294117,6619.668165943376,C3;C5,2
Reactome_2022,16,SMAD2/3 Phosphorylation Motif Mutants In Cancer R-HSA-3304356,1.279581705312247e-05,0.00025932855894328203,587.5588235294117,6619.668165943376,TGFB1;TGFBR2,2
Reactome_2022,17,Loss Of Function Of SMAD2/3 In Cancer R-HSA-3304349,1.7904056143126626e-05,0.00031214142337707596,470.0235294117647,5137.584325029693,TGFB1;TGFBR2,2
Reactome_2022,18,Loss Of Function Of TGFBR1 In Cancer R-HSA-3656534,1.7904056143126626e-05,0.00031214142337707596,470.0235294117647,5137.584325029693,TGFB1;TGFBR2,2
Reactome_2022,19,Complement Cascade R-HSA-166658,1.848205796311634e-05,0.00031214142337707596,71.859375,783.1744987014366,C3;C5;CD81,3
Reactome_2022,20,Signaling By TGF-beta Receptor Complex In Cancer R-HSA-3304351,2.3858618257288482e-05,0.0003817378921166157,391.6666666666667,4168.651312579773,TGFB1;TGFBR2,2
Reactome_2022,21,Innate Immune System R-HSA-168249,2.8338084293950802e-05,0.0004307388812680522,10.754782749675746,112.61659880023026,C3;CD63;C5;CD81;ITGB2;CTNNB1;NFKB1,7
Reactome_2022,22,Type I Hemidesmosome Assembly R-HSA-446107,3.065806191994291e-05,0.00044381194398393546,335.69747899159665,3488.774621564693,ITGB4;ITGA6,2
Reactome_2022,23,TCF Dependent Signaling In Response To WNT R-HSA-201681,3.2146707155873525e-05,0.0004442090443357069,27.198625429553264,281.375234312584,CAV1;WNT5A;CTNNB1;AKT1,4
Reactome_2022,24,Diseases Of Signal Transduction By Growth Factor Receptors And Second Messengers R-HSA-5663202,3.80468386339588e-05,0.000502879954118412,16.674053869757927,169.68671998857906,TGFB1;CTNNB1;AKT1;MTOR;TGFBR2,5
Reactome_2022,25,Adaptive Immune System R-HSA-1280218,4.278170354014746e-05,0.0005419015781752012,12.22346841604063,122.9607586018121,C3;CD81;ITGB2;AKT1;MTOR;NFKB1,6
Reactome_2022,26,eNOS Activation R-HSA-203615,4.678583530599793e-05,0.0005689157573209348,261.0718954248366,2602.868539389068,CAV1;AKT1,2
Reactome_2022,27,Signaling By Interleukins R-HSA-449147,5.2144576956226014e-05,0.0006096904382574118,15.571588010204081,153.55906522783764,TGFB1;ITGB2;AKT1;HIF1A;NFKB1,5
Reactome_2022,28,SARS-CoV-2 Targets Host Intracellular Signaling And Regulatory Pathways R-HSA-9755779,6.627587463235582e-05,0.0007462172551198582,213.58288770053477,2055.0271833037777,CAV1;AKT1,2
Reactome_2022,29,Cell Junction Organization R-HSA-446728,7.07683312265202e-05,0.0007683418818879335,44.950301204819276,429.5495264329296,ITGB4;CTNNB1;ITGA6,3
Reactome_2022,30,Signaling By Receptor Tyrosine Kinases R-HSA-9006934,8.015560456089151e-05,0.0008402518547072765,14.176607506546407,133.7072514720581,CAV1;CTNNB1;AKT1;HIF1A;MTOR,5
Reactome_2022,31,Metabolism Of Nitric Oxide: NOS3 Activation And Regulation R-HSA-202131,8.911670367707504e-05,0.0009030492639276937,180.7058823529412,1685.1842294846974,CAV1;AKT1,2
Reactome_2022,32,TGF-beta Receptor Signaling In EMT (Epithelial To Mesenchymal Transition) R-HSA-2173791,0.00010179008516647866,0.0009981995448583715,167.78991596638656,1542.4252214039523,TGFB1;TGFBR2,2
Reactome_2022,33,Extracellular Matrix Organization R-HSA-1474244,0.00014320642807146784,0.0013604610666789444,18.298722415795588,161.96608032368118,TGFB1;ITGB4;ITGB2;ITGA6,4
Reactome_2022,34,Signaling By WNT R-HSA-195721,0.00014896574852823298,0.0013722905318964494,18.106666666666666,159.55221948345684,CAV1;WNT5A;CTNNB1;AKT1,4
Reactome_2022,35,Cell-Cell Communication R-HSA-1500931,0.00019027994512676807,0.0016961636882356168,31.833333333333332,272.7166178972186,ITGB4;CTNNB1;ITGA6,3
Reactome_2022,36,Laminin Interactions R-HSA-3000157,0.00019528200357975852,0.0016961636882356168,117.41764705882353,1002.8718580525142,ITGB4;ITGA6,2
Reactome_2022,37,Immunoregulatory Interactions Between A Lymphoid And A non-Lymphoid Cell R-HSA-198933,0.00020466865823546562,0.0017283131139883764,31.0328125,263.5963770729879,C3;CD81;ITGB2,3
Reactome_2022,38,CD28 Dependent PI3K/Akt Signaling R-HSA-389357,0.00021375931421138065,0.001756292743790803,111.82072829131653,944.9589418585075,AKT1;MTOR,2
Reactome_2022,39,Basigin Interactions R-HSA-210991,0.00025318287347810177,0.0019735280394190496,102.08695652173913,845.4227696575183,CAV1;ITGA6,2
Reactome_2022,40,Cell Recruitment (Pro-Inflammatory Response) R-HSA-9664424,0.00025318287347810177,0.0019735280394190496,102.08695652173913,845.4227696575183,C3;NFKB1,2
Reactome_2022,41,Constitutive Signaling By AKT1 E17K In Cancer R-HSA-5674400,0.00027412629302663206,0.002032546172685272,97.82843137254902,802.3811277255052,AKT1;MTOR,2
Reactome_2022,42,Downregulation Of TGF-beta Receptor Signaling R-HSA-2173788,0.00027412629302663206,0.002032546172685272,97.82843137254902,802.3811277255052,TGFB1;TGFBR2,2
Reactome_2022,43,Budding And Maturation Of HIV Virion R-HSA-162588,0.0003418661725917297,0.0024169143364624612,86.94553376906318,693.9202349386427,TSG101;PDCD6IP,2
Reactome_2022,44,Disassembly Of Destruction Complex And Recruitment Of AXIN To Membrane R-HSA-4641262,0.0003418661725917297,0.0024169143364624612,86.94553376906318,693.9202349386427,CAV1;CTNNB1,2
Reactome_2022,45,Signaling By GPCR R-HSA-372790,0.0003719105392516418,0.0025695637257386163,10.075710108604845,79.566444102601,C3;C5;GPR143;WNT5A;AKT1,5
Reactome_2022,46,Cytokine Signaling In Immune System R-HSA-1280215,0.0004053148238204318,0.002738126809809139,9.881123180979708,77.17993592081669,TGFB1;ITGB2;AKT1;HIF1A;NFKB1,5
Reactome_2022,47,CD28 Co-Stimulation R-HSA-389356,0.0004710469585153871,0.0031130059867103843,73.34191176470588,561.83958527557,AKT1;MTOR,2
Reactome_2022,48,Regulation Of TP53 Degradation R-HSA-6804757,0.0005283848977383165,0.003417638487498898,69.02076124567473,520.8089619438341,AKT1;MTOR,2
Reactome_2022,49,Regulation Of TP53 Expression And Degradation R-HSA-6806003,0.0005582623390369758,0.003535661480567513,67.04537815126051,502.2155780973214,AKT1;MTOR,2
Reactome_2022,50,Generic Transcription Pathway R-HSA-212436,0.0006071952497906635,0.0037670888966604425,7.32731288981289,54.270916424571375,TGFB1;CAV1;CTNNB1;AKT1;MTOR;NFKB1,6
Reactome_2022,51,Transcriptional Regulation By VENTX R-HSA-8853884,0.0006204271977547852,0.003772197362349094,63.41494435612083,468.3258506932697,CTNNB1;NFKB1,2
Reactome_2022,52,MTOR Signaling R-HSA-165159,0.0006857960874714185,0.004087882560613945,60.15686274509804,438.2385475331956,AKT1;MTOR,2
Reactome_2022,53,Deactivation Of Beta-Catenin Transactivating Complex R-HSA-3769402,0.0007196785738538356,0.004207351662530116,58.65,424.4327993244479,CTNNB1;AKT1,2
Reactome_2022,54,TGF-beta Receptor Signaling Activates SMADs R-HSA-2173789,0.0007898327040872069,0.0045064452804830625,55.851540616246496,398.98605878047067,TGFB1;TGFBR2,2
Reactome_2022,55,GPCR Ligand Binding R-HSA-500792,0.0008004869906121229,0.0045064452804830625,11.469603524229075,81.7816024925758,C3;C5;GPR143;WNT5A,4
Reactome_2022,56,Neutrophil Degranulation R-HSA-6798695,0.000867706153143644,0.004796048555557596,11.216666666666667,79.07365754983995,C3;CD63;ITGB2;NFKB1,4
Reactome_2022,57,Programmed Cell Death R-HSA-5357801,0.0009500595868737623,0.005157466328743281,18.08780487804878,125.87277824571566,PDCD6IP;CTNNB1;AKT1,3
Reactome_2022,58,RNA Polymerase II Transcription R-HSA-73857,0.0010173058754707242,0.005425631335843862,6.599717281187419,45.47599503301467,TGFB1;CAV1;CTNNB1;AKT1;MTOR;NFKB1,6
Reactome_2022,59,Signaling By Non-Receptor Tyrosine Kinases R-HSA-9006927,0.0011021023027737798,0.00577653620764188,46.896470588235296,319.39008896603445,AKT1;HIF1A,2
Reactome_2022,60,Assembly Of Collagen Fibrils And Other Multimeric Structures R-HSA-2022090,0.0013227658084056472,0.006815606877208758,42.62245989304813,282.5029609630808,ITGB4;ITGA6,2
Reactome_2022,61,Ca2+ Pathway R-HSA-4086398,0.0015132776763892497,0.007667273560372198,39.72482552342971,257.9522541330848,WNT5A;CTNNB1,2
Reactome_2022,62,Leishmania Infection R-HSA-9658195,0.0015577043427703692,0.007762985577085119,15.166752049180328,98.04610739544223,C3;WNT5A;NFKB1,3
Reactome_2022,63,Cytosolic Sensors Of Pathogen-Associated DNA R-HSA-1834949,0.001613164103540397,0.007909707862520656,38.41851494696239,247.0140604025296,CTNNB1;NFKB1,2
Reactome_2022,64,"Platelet Activation, Signaling And Aggregation R-HSA-76002",0.0016873982529758819,0.008026175753657667,14.738545816733067,94.0992396101895,CD63;TGFB1;AKT1,3
Reactome_2022,65,Gene Expression (Transcription) R-HSA-74160,0.0017065158897720323,0.008026175753657667,5.929313929313929,37.78930523122806,TGFB1;CAV1;CTNNB1;AKT1;MTOR;NFKB1,6
Reactome_2022,66,FOXO-mediated Transcription R-HSA-9614085,0.0017161231052228564,0.008026175753657667,37.19514472455649,236.8470596426402,CAV1;AKT1,2
Reactome_2022,67,Integrin Cell Surface Interactions R-HSA-216083,0.0017687514504928004,0.008146976378027445,36.612132352941174,232.0287069409544,ITGB2;ITGA6,2
Reactome_2022,68,Costimulation By CD28 Family R-HSA-388841,0.001876299103172985,0.008513357124844589,35.49910873440285,222.8795213878254,AKT1;MTOR,2
Reactome_2022,69,Extra-nuclear Estrogen Signaling R-HSA-9009391,0.002158469583729576,0.009649628727261635,32.99088649544325,202.50980060332466,CAV1;AKT1,2
Reactome_2022,70,Deubiquitination R-HSA-5688426,0.0022053486949868127,0.00971631888805784,13.386548913043478,81.88377468772931,TGFB1;HIF1A;TGFBR2,3
Reactome_2022,71,GPCR Downstream Signaling R-HSA-388396,0.0024312505271868244,0.010558573718068493,8.397181571815718,50.545570979205095,C3;C5;GPR143;AKT1,4
Reactome_2022,72,TP53 Regulates Metabolic Genes R-HSA-5628897,0.0026491193004018073,0.011342707990452807,29.63812360387193,175.85863726960335,AKT1;MTOR,2
Reactome_2022,73,Transcriptional Regulation Of White Adipocyte Differentiation R-HSA-381340,0.0028454272661749503,0.012014026234960902,28.549497847919657,167.35835664101364,TGFB1;NFKB1,2
Reactome_2022,74,Collagen Formation R-HSA-1474290,0.003257992148771006,0.013567528948306654,26.594919786096256,152.2996425743412,ITGB4;ITGA6,2
Reactome_2022,75,Signaling By TGF-beta Receptor Complex R-HSA-170834,0.0033293236373079143,0.01367722142894062,26.29477858559154,150.0113465316229,TGFB1;TGFBR2,2
Reactome_2022,76,Class A/1 (Rhodopsin-like Receptors) R-HSA-373076,0.0034553405427599866,0.014005646999987147,11.375578703703704,64.47489472034835,C3;C5;GPR143,3
Reactome_2022,77,Transcriptional Regulation By RUNX3 R-HSA-8878159,0.0036219464951458462,0.014299632915900484,25.15876027830487,141.4109431281691,TGFB1;CTNNB1,2
Reactome_2022,78,UCH Proteinases R-HSA-5689603,0.0036219464951458462,0.014299632915900484,25.15876027830487,141.4109431281691,TGFB1;TGFBR2,2
Reactome_2022,79,Cellular Responses To Stress R-HSA-2262752,0.004233523372577843,0.016499885964918772,7.154317548746518,39.096347088776504,AKT1;HIF1A;MTOR;NFKB1,4
Reactome_2022,80,PI3K/AKT Signaling In Cancer R-HSA-2219528,0.004404127838497018,0.01694752991016574,22.70474014848658,123.17805215827335,AKT1;MTOR,2
Reactome_2022,81,Cellular Responses To Stimuli R-HSA-8953897,0.004533616893643281,0.017227744195844465,7.012386156648452,37.8404852024033,AKT1;HIF1A;MTOR;NFKB1,4
Reactome_2022,82,PTK6 Expression R-HSA-8849473,0.00474139160939957,0.01736606083442734,277.4583333333333,1484.7973498875915,HIF1A,1
Reactome_2022,83,LRR FLII-interacting Protein 1 (LRRFIP1) Activates Type I IFN Production R-HSA-3134973,0.00474139160939957,0.01736606083442734,277.4583333333333,1484.7973498875915,CTNNB1,1
Reactome_2022,84,NOSTRIN Mediated eNOS Trafficking R-HSA-203641,0.00474139160939957,0.01736606083442734,277.4583333333333,1484.7973498875915,CAV1,1
Reactome_2022,85,Signaling By TGFB Family Members R-HSA-9006936,0.005618663271592417,0.020103292844778298,19.973856209150327,103.49776163356326,TGFB1;TGFBR2,2
Reactome_2022,86,PTK6 Promotes HIF1A Stabilization R-HSA-8857538,0.005687115738983334,0.020103292844778298,221.95555555555555,1147.4107993095174,HIF1A,1
Reactome_2022,87,CLEC7A/inflammasome Pathway R-HSA-5660668,0.005687115738983334,0.020103292844778298,221.95555555555555,1147.4107993095174,NFKB1,1
Reactome_2022,88,HCMV Infection R-HSA-9609646,0.005803370830544167,0.020278445200981918,19.636183885318832,101.11292278270602,TSG101;NFKB1,2
Reactome_2022,89,Platelet Degranulation R-HSA-114608,0.006181086814184688,0.021352845358092558,18.99378287900526,96.60734019733752,CD63;TGFB1,2
Reactome_2022,90,Autophagy R-HSA-9612973,0.006471597569610469,0.021566835490712654,18.53874883286648,93.4414541986945,TSG101;MTOR,2
Reactome_2022,91,Terminal Pathway Of Complement R-HSA-166665,0.00663198906678106,0.021566835490712654,184.9537037037037,927.7001289942034,C5,1
Reactome_2022,92,IkBA Variant Leads To EDA-ID R-HSA-5603029,0.00663198906678106,0.021566835490712654,184.9537037037037,927.7001289942034,NFKB1,1
Reactome_2022,93,RUNX3 Regulates CDKN1A Transcription R-HSA-8941855,0.00663198906678106,0.021566835490712654,184.9537037037037,927.7001289942034,TGFB1,1
Reactome_2022,94,DEx/H-box Helicases Activate Type I IFN And Inflammatory Cytokines Production R-HSA-3134963,0.00663198906678106,0.021566835490712654,184.9537037037037,927.7001289942034,NFKB1,1
Reactome_2022,95,Response To Elevated Platelet Cytosolic Ca2+ R-HSA-76005,0.006668692553049308,0.021566835490712654,18.247242647058822,91.42473384358023,CD63;TGFB1,2
Reactome_2022,96,Late Phase Of HIV Life Cycle R-HSA-162599,0.007276289574344902,0.023071175071037592,17.424934152765584,85.7852896184001,TSG101;PDCD6IP,2
Reactome_2022,97,Binding Of TCF/LEF:CTNNB1 To Target Gene Promoters R-HSA-4411364,0.0075760122063041925,0.023071175071037592,158.52380952380952,774.0350338275504,CTNNB1,1
Reactome_2022,98,InlA-mediated Entry Of Listeria Monocytogenes Into Host Cells R-HSA-8876493,0.0075760122063041925,0.023071175071037592,158.52380952380952,774.0350338275504,CTNNB1,1
Reactome_2022,99,RUNX2 Regulates Genes Involved In Cell Migration R-HSA-8941332,0.0075760122063041925,0.023071175071037592,158.52380952380952,774.0350338275504,AKT1,1
Reactome_2022,100,RUNX3 Regulates WNT Signaling R-HSA-8951430,0.0075760122063041925,0.023071175071037592,158.52380952380952,774.0350338275504,CTNNB1,1
Reactome_2022,101,PTEN Regulation R-HSA-6807070,0.007589202325999207,0.023071175071037592,17.040790038643195,83.17658675716766,AKT1;MTOR,2
Reactome_2022,102,Toll Like Receptor 4 (TLR4) Cascade R-HSA-166016,0.007694848609914605,0.023160732449643957,16.916453537936913,82.33583346721679,ITGB2;NFKB1,2
Reactome_2022,103,Beta-catenin Independent WNT Signaling R-HSA-3858494,0.007908146852712305,0.023569378855142556,16.67310924369748,80.69554457749676,WNT5A;CTNNB1,2
Reactome_2022,104,PTK6 Regulates RTKs And Their Effectors AKT1 And DOK1 R-HSA-8849469,0.008519185800335128,0.02490223541636422,138.70138888888889,660.9723846479391,AKT1,1
Reactome_2022,105,Interleukin-1 Processing R-HSA-448706,0.008519185800335128,0.02490223541636422,138.70138888888889,660.9723846479391,NFKB1,1
Reactome_2022,106,HIV Life Cycle R-HSA-162587,0.008675621737783988,0.025117990555107928,15.873549419767906,75.35552153477218,TSG101;PDCD6IP,2
Reactome_2022,107,AKT Phosphorylates Targets In Nucleus R-HSA-198693,0.009461510512395743,0.026388066016222993,123.28395061728395,574.5677163606151,AKT1,1
Reactome_2022,108,"Tetrahydrobiopterin (BH4) Synthesis, Recycling, Salvage And Regulation R-HSA-1474151",0.009461510512395743,0.026388066016222993,123.28395061728395,574.5677163606151,AKT1,1
Reactome_2022,109,RUNX3 Regulates p14-ARF R-HSA-8951936,0.009461510512395743,0.026388066016222993,123.28395061728395,574.5677163606151,TGFB1,1
Reactome_2022,110,STAT3 Nuclear Events Downstream Of ALK Signaling R-HSA-9701898,0.009461510512395743,0.026388066016222993,123.28395061728395,574.5677163606151,HIF1A,1
Reactome_2022,111,Regulation Of TP53 Activity R-HSA-5633007,0.009592190604670318,0.026509326761997968,15.048197343453511,69.9260535579013,AKT1;MTOR,2
Reactome_2022,112,Toll-like Receptor Cascades R-HSA-168898,0.01018615545599409,0.02680091570942363,14.574264705882353,66.84815578079817,ITGB2;NFKB1,2
Reactome_2022,113,Apoptotic Cleavage Of Cell Adhesion Proteins R-HSA-351906,0.010402987018789436,0.02680091570942363,110.95,506.5602322657193,CTNNB1,1
Reactome_2022,114,RHO GTPases Activate IQGAPs R-HSA-5626467,0.010402987018789436,0.02680091570942363,110.95,506.5602322657193,CTNNB1,1
Reactome_2022,115,Uptake And Function Of Anthrax Toxins R-HSA-5210891,0.010402987018789436,0.02680091570942363,110.95,506.5602322657193,PDCD6IP,1
Reactome_2022,116,"WNT5A-dependent Internalization Of FZD2, FZD5 And ROR2 R-HSA-5140745",0.010402987018789436,0.02680091570942363,110.95,506.5602322657193,WNT5A,1
Reactome_2022,117,Regulated Proteolysis Of p75NTR R-HSA-193692,0.010402987018789436,0.02680091570942363,110.95,506.5602322657193,NFKB1,1
Reactome_2022,118,Killing Mechanisms R-HSA-9664420,0.010402987018789436,0.02680091570942363,110.95,506.5602322657193,WNT5A,1
Reactome_2022,119,Regulation Of Gene Expression By Hypoxia-inducible Factor R-HSA-1234158,0.010402987018789436,0.02680091570942363,110.95,506.5602322657193,HIF1A,1
Reactome_2022,120,Regulation Of Localization Of FOXO Transcription Factors R-HSA-9614399,0.011343616002547938,0.028978649283819942,100.85858585858585,451.7557080600296,AKT1,1
Reactome_2022,121,Apoptosis R-HSA-109581,0.012194019953514332,0.030607811796147542,13.238636363636363,58.34015001886807,CTNNB1;AKT1,2
Reactome_2022,122,Downregulation Of ERBB2:ERBB3 Signaling R-HSA-1358803,0.012283398155032895,0.030607811796147542,92.44907407407408,406.73031819258705,AKT1,1
Reactome_2022,123,NF-kB Is Activated And Signals Survival R-HSA-209560,0.012283398155032895,0.030607811796147542,92.44907407407408,406.73031819258705,NFKB1,1
Reactome_2022,124,AKT Phosphorylates Targets In Cytosol R-HSA-198323,0.013222334171232074,0.03241604506495605,85.33333333333333,369.13902050225767,AKT1,1
Reactome_2022,125,Regulation Of TP53 Activity Thru Association With Co-factors R-HSA-6804759,0.013222334171232074,0.03241604506495605,85.33333333333333,369.13902050225767,AKT1,1
Reactome_2022,126,ESR-mediated Signaling R-HSA-8939211,0.013530282842620044,0.032905647873251946,12.520556609740671,53.87376314501273,CAV1;AKT1,2
Reactome_2022,127,Activation Of BAD And Translocation To Mitochondria R-HSA-111447,0.014160424747060764,0.033113608639280555,79.23412698412699,337.3237811891663,AKT1,1
Reactome_2022,128,CTNNB1 S33 Mutants Not Phosphorylated R-HSA-5358747,0.014160424747060764,0.033113608639280555,79.23412698412699,337.3237811891663,CTNNB1,1
Reactome_2022,129,WNT5A-dependent Internalization Of FZD4 R-HSA-5099900,0.014160424747060764,0.033113608639280555,79.23412698412699,337.3237811891663,WNT5A,1
Reactome_2022,130,Membrane Binding And Targetting Of GAG Proteins R-HSA-174490,0.014160424747060764,0.033113608639280555,79.23412698412699,337.3237811891663,TSG101,1
Reactome_2022,131,Negative Regulation Of TCF-dependent Signaling By WNT Ligand Antagonists R-HSA-3772470,0.014160424747060764,0.033113608639280555,79.23412698412699,337.3237811891663,WNT5A,1
Reactome_2022,132,Peptide Ligand-Binding Receptors R-HSA-375276,0.014643394833249385,0.03372418204021071,11.999393571861734,50.682629507267144,C3;C5,2
Reactome_2022,133,SARS-CoV-2-host Interactions R-HSA-9705683,0.014643394833249385,0.03372418204021071,11.999393571861734,50.682629507267144,CAV1;AKT1,2
Reactome_2022,134,NLRP3 Inflammasome R-HSA-844456,0.015097670589384432,0.03399771747535458,73.94814814814815,310.08047018396815,NFKB1,1
Reactome_2022,135,p75NTR Signals Via NF-kB R-HSA-193639,0.015097670589384432,0.03399771747535458,73.94814814814815,310.08047018396815,NFKB1,1
Reactome_2022,136,MAP3K8 (TPL2)-dependent MAPK1/3 Activation R-HSA-5684264,0.015097670589384432,0.03399771747535458,73.94814814814815,310.08047018396815,NFKB1,1
Reactome_2022,137,Signaling By NOTCH R-HSA-157118,0.01564902118805124,0.03432646484663025,11.57740708223588,48.13129753421252,AKT1;HIF1A,2
Reactome_2022,138,FOXO-mediated Transcription Of Cell Cycle Genes R-HSA-9617828,0.01603407239546545,0.03432646484663025,69.32291666666667,286.5143387139707,CAV1,1
Reactome_2022,139,Gastrulation R-HSA-9758941,0.01603407239546545,0.03432646484663025,69.32291666666667,286.5143387139707,CTNNB1,1
Reactome_2022,140,Beta-catenin Phosphorylation Cascade R-HSA-196299,0.01603407239546545,0.03432646484663025,69.32291666666667,286.5143387139707,CTNNB1,1
Reactome_2022,141,Butyrate Response Factor 1 Binds And Destabilizes mRNA R-HSA-450385,0.01603407239546545,0.03432646484663025,69.32291666666667,286.5143387139707,AKT1,1
Reactome_2022,142,RIP-mediated NFkB Activation Via ZBP1 R-HSA-1810476,0.01603407239546545,0.03432646484663025,69.32291666666667,286.5143387139707,NFKB1,1
Reactome_2022,143,KSRP (KHSRP) Binds And Destabilizes mRNA R-HSA-450604,0.01603407239546545,0.03432646484663025,69.32291666666667,286.5143387139707,AKT1,1
Reactome_2022,144,Developmental Biology R-HSA-1266738,0.01672937607327951,0.0355645477362026,4.717680074836296,19.298090495936876,TGFB1;CTNNB1;AKT1;NFKB1,4
Reactome_2022,145,Assembly Of HIV Virion R-HSA-175474,0.016969630876880012,0.03582477629563558,65.24183006535948,265.9472259849427,TSG101,1
Reactome_2022,146,Listeria Monocytogenes Entry Into Host Cells R-HSA-8876384,0.01790434673262116,0.03728028360764954,61.614197530864196,247.8561570760289,CTNNB1,1
Reactome_2022,147,Metabolism Of Cofactors R-HSA-8978934,0.01790434673262116,0.03728028360764954,61.614197530864196,247.8561570760289,AKT1,1
Reactome_2022,148,Membrane Trafficking R-HSA-199991,0.018118434509281776,0.03746941558382082,6.098468959731544,24.459894069628042,TSG101;WNT5A;AKT1,3
Reactome_2022,149,CD209 (DC-SIGN) Signaling R-HSA-5621575,0.018838220672014273,0.038435027411357986,58.36842105263158,231.83163218032678,NFKB1,1
Reactome_2022,150,Regulation Of Gene Expression In Beta Cells R-HSA-210745,0.018838220672014273,0.038435027411357986,58.36842105263158,231.83163218032678,AKT1,1
Reactome_2022,151,HIV Infection R-HSA-162906,0.019636209082479858,0.03877716796985124,10.237885462555067,40.23878041713763,TSG101;PDCD6IP,2
Reactome_2022,152,"Synthesis, Secretion, And Inactivation Of Glucagon-like Peptide-1 (GLP-1) R-HSA-381771",0.019771253405680735,0.03877716796985124,55.44722222222222,217.54863156976407,CTNNB1,1
Reactome_2022,153,CTLA4 Inhibitory Signaling R-HSA-389513,0.019771253405680735,0.03877716796985124,55.44722222222222,217.54863156976407,AKT1,1
Reactome_2022,154,Inflammasomes R-HSA-622312,0.019771253405680735,0.03877716796985124,55.44722222222222,217.54863156976407,NFKB1,1
Reactome_2022,155,Initial Triggering Of Complement R-HSA-166663,0.019771253405680735,0.03877716796985124,55.44722222222222,217.54863156976407,C3,1
Reactome_2022,156,ZBP1(DAI) Mediated Induction Of Type I IFNs R-HSA-1606322,0.019771253405680735,0.03877716796985124,55.44722222222222,217.54863156976407,NFKB1,1
Reactome_2022,157,Vesicle-mediated Transport R-HSA-5653656,0.021306030436577823,0.041519443927690115,5.721707413249211,22.021507960437038,TSG101;WNT5A;AKT1,3
Reactome_2022,158,Triglyceride Catabolism R-HSA-163560,0.021634798076404317,0.04189158353647715,50.40151515151515,193.21180108339513,CAV1,1
Reactome_2022,159,"Incretin Synthesis, Secretion, And Inactivation R-HSA-400508",0.02256531142960272,0.04287409171624516,48.207729468599034,182.7719626724847,CTNNB1,1
Reactome_2022,160,mTORC1-mediated Signaling R-HSA-166208,0.02256531142960272,0.04287409171624516,48.207729468599034,182.7719626724847,MTOR,1
Reactome_2022,161,Estrogen-dependent Nuclear Events Downstream Of ESR-membrane Signaling R-HSA-9634638,0.02256531142960272,0.04287409171624516,48.207729468599034,182.7719626724847,AKT1,1
Reactome_2022,162,G Beta:Gamma Signaling Thru PI3Kgamma R-HSA-392451,0.02349498640716487,0.044089357208506916,46.19675925925926,173.2825760780302,AKT1,1
Reactome_2022,163,TRAF6 Mediated NF-kB Activation R-HSA-933542,0.02349498640716487,0.044089357208506916,46.19675925925926,173.2825760780302,NFKB1,1
Reactome_2022,164,WNT Ligand Biogenesis And Trafficking R-HSA-3238698,0.02442382371261493,0.04527342932094475,44.346666666666664,164.6235293172426,WNT5A,1
Reactome_2022,165,Signaling By ALK R-HSA-201556,0.02442382371261493,0.04527342932094475,44.346666666666664,164.6235293172426,HIF1A,1
Reactome_2022,166,Signaling By Nuclear Receptors R-HSA-9006931,0.024888254189827617,0.04585472287095513,8.99361605107159,33.2166555376261,CAV1;AKT1,2
Reactome_2022,167,Integrin Signaling R-HSA-354192,0.02535182406329611,0.04642743683880733,42.638888888888886,156.69384876205734,AKT1,1
Reactome_2022,168,Molecules Associated With Elastic Fibres R-HSA-2129379,0.02627898816211653,0.047259521601474834,41.05761316872428,149.40806261137496,TGFB1,1
Reactome_2022,169,PIP3 Activates AKT Signaling R-HSA-1257604,0.026327905263510903,0.047259521601474834,8.719593100398054,31.714257603527813,AKT1;MTOR,2
Reactome_2022,170,Adherens Junctions Interactions R-HSA-418990,0.027205316711375317,0.047259521601474834,39.589285714285715,142.69335919589085,CTNNB1,1
Reactome_2022,171,Uptake And Actions Of Bacterial Toxins R-HSA-5339562,0.027205316711375317,0.047259521601474834,39.589285714285715,142.69335919589085,PDCD6IP,1
Reactome_2022,172,Regulation Of TP53 Activity Thru Acetylation R-HSA-6804758,0.027205316711375317,0.047259521601474834,39.589285714285715,142.69335919589085,AKT1,1
Reactome_2022,173,Regulation Of Necroptotic Cell Death R-HSA-5675482,0.027205316711375317,0.047259521601474834,39.589285714285715,142.69335919589085,PDCD6IP,1
Reactome_2022,174,Myogenesis R-HSA-525793,0.027205316711375317,0.047259521601474834,39.589285714285715,142.69335919589085,CTNNB1,1
Reactome_2022,175,Downregulation Of ERBB2 Signaling R-HSA-8863795,0.027205316711375317,0.047259521601474834,39.589285714285715,142.69335919589085,AKT1,1
Reactome_2022,176,Energy Dependent Regulation Of mTOR By LKB1-AMPK R-HSA-380972,0.027205316711375317,0.047259521601474834,39.589285714285715,142.69335919589085,MTOR,1
Reactome_2022,177,Activation Of BH3-only Proteins R-HSA-114452,0.028130810426474934,0.04831506423530158,38.22222222222222,136.48734525751556,AKT1,1
Reactome_2022,178,Endosomal Sorting Complex Required For Transport (ESCRT) R-HSA-917729,0.028130810426474934,0.04831506423530158,38.22222222222222,136.48734525751556,TSG101,1
Reactome_2022,179,Metabolism Of Proteins R-HSA-392499,0.02829689081167203,0.04832727419521515,3.4285714285714284,12.222868613761792,C3;TGFB1;CTNNB1;HIF1A;TGFBR2,5
Reactome_2022,180,RIPK1-mediated Regulated Necrosis R-HSA-5213460,0.02905547000861942,0.04863527176817475,36.946296296296296,130.736261970552,PDCD6IP,1
Reactome_2022,181,Late Endosomal Microautophagy R-HSA-9615710,0.02905547000861942,0.04863527176817475,36.946296296296296,130.736261970552,TSG101,1
Reactome_2022,182,Diseases Associated With TLR Signaling Cascade R-HSA-5602358,0.02905547000861942,0.04863527176817475,36.946296296296296,130.736261970552,NFKB1,1
Reactome_2022,183,SARS-CoV-2 Infection R-HSA-9694516,0.02911716928226251,0.04863527176817475,8.247854301863095,29.167936864608368,CAV1;AKT1,2
Reactome_2022,184,G-protein Beta:Gamma Signaling R-HSA-397795,0.0299792961708411,0.049801672327517456,35.75268817204301,125.39355349635466,AKT1,1
Reactome_2022,185,Signaling By WNT In Cancer R-HSA-4791275,0.030902289613243084,0.05105595675231466,34.63368055555556,120.41870977627711,CTNNB1,1
Reactome_2022,186,Intracellular Signaling By Second Messengers R-HSA-9006925,0.03361492453914331,0.0544390922182609,7.614938080495356,25.83584866953874,AKT1;MTOR,2
Reactome_2022,187,Platelet Aggregation (Plug Formation) R-HSA-76009,0.0336662807139245,0.0544390922182609,31.66031746031746,107.36832116912788,AKT1,1
Reactome_2022,188,HSF1-dependent Transactivation R-HSA-3371571,0.0336662807139245,0.0544390922182609,31.66031746031746,107.36832116912788,MTOR,1
Reactome_2022,189,RHOH GTPase Cycle R-HSA-9013407,0.0336662807139245,0.0544390922182609,31.66031746031746,107.36832116912788,CAV1,1
Reactome_2022,190,FLT3 Signaling R-HSA-9607240,0.03458595035428571,0.05533752056685714,30.77932098765432,103.55110778477112,AKT1,1
Reactome_2022,191,Triglyceride Metabolism R-HSA-8979227,0.03458595035428571,0.05533752056685714,30.77932098765432,103.55110778477112,CAV1,1
Reactome_2022,192,G Alpha (I) Signaling Events R-HSA-418594,0.03483093253903449,0.055437714617102014,7.46527514231499,25.062790648732122,C3;C5,2
Reactome_2022,193,Apoptotic Cleavage Of Cellular Proteins R-HSA-111465,0.03550479080110603,0.05621591876841788,29.945945945945947,99.96219201416403,CTNNB1,1
Reactome_2022,194,Elastic Fibre Formation R-HSA-1566948,0.036422802764502916,0.0573706323337248,29.156432748538013,96.58244018092803,TGFB1,1
Reactome_2022,195,Amine Ligand-Binding Receptors R-HSA-375280,0.0373399869476018,0.05851214449521107,28.40740740740741,93.39476319093392,GPR143,1
Reactome_2022,196,Regulation Of Beta-Cell Development R-HSA-186712,0.03825634405058935,0.05935123295266013,27.695833333333333,90.3838530444344,AKT1,1
Reactome_2022,197,Post-translational Protein Modification R-HSA-597592,0.03826592650895193,0.05935123295266013,3.597196035774716,11.738353650553883,C3;TGFB1;HIF1A;TGFBR2,4
Reactome_2022,198,RHOF GTPase Cycle R-HSA-9035034,0.03917187477725447,0.059840451921031955,27.018970189701896,87.53595883632167,CAV1,1
Reactome_2022,199,RND1 GTPase Cycle R-HSA-9696273,0.03917187477725447,0.059840451921031955,27.018970189701896,87.53595883632167,CAV1,1
Reactome_2022,200,RND3 GTPase Cycle R-HSA-9696264,0.03917187477725447,0.059840451921031955,27.018970189701896,87.53595883632167,CAV1,1
Reactome_2022,201,RND2 GTPase Cycle R-HSA-9696270,0.040086579837034224,0.060931601352292024,26.374338624338623,84.83869553971446,CAV1,1
Reactome_2022,202,TAK1-dependent IKK And NF-kappa-B Activation R-HSA-445989,0.04191351573394886,0.06339158598567389,25.1729797979798,79.85239065693193,NFKB1,1
Reactome_2022,203,PKMTs Methylate Histone Lysines R-HSA-3214841,0.04373715736448407,0.06561302117137756,24.07608695652174,75.34749261223973,NFKB1,1
Reactome_2022,204,Transcriptional Regulation By TP53 R-HSA-3700989,0.043813958216413304,0.06561302117137756,6.560494652406417,20.519933750674706,AKT1;MTOR,2
Reactome_2022,205,NOTCH1 Intracellular Domain Regulates Transcription R-HSA-2122947,0.04464774457519721,0.06653389387676448,23.562647754137117,73.25512875801161,HIF1A,1
Reactome_2022,206,Signaling By ERBB2 R-HSA-1227986,0.04555751032182184,0.06755845433089679,23.07060185185185,71.26000869785321,AKT1,1
Reactome_2022,207,SARS-CoV Infections R-HSA-9679506,0.04721330838706308,0.06957426270789531,6.28754608110274,19.196377849223556,CAV1;AKT1,2
Reactome_2022,208,Translocation Of SLC2A4 (GLUT4) To Plasma Membrane R-HSA-1445148,0.04737458019912608,0.06957426270789531,22.145555555555557,67.53662482568532,AKT1,1
Reactome_2022,209,Apoptotic Execution Phase R-HSA-75153,0.048281885719464374,0.06989377742246271,21.71023965141612,65.79719781355674,CTNNB1,1
Reactome_2022,210,RHOD GTPase Cycle R-HSA-9013405,0.048281885719464374,0.06989377742246271,21.71023965141612,65.79719781355674,CAV1,1
Reactome_2022,211,SARS-CoV-1 Infection R-HSA-9678108,0.048281885719464374,0.06989377742246271,21.71023965141612,65.79719781355674,CAV1,1
Reactome_2022,212,"Nucleotide-binding Domain, Leucine Rich Repeat Containing NLR Signaling Pathways R-HSA-168643",0.04918837257235504,0.07053427010375439,21.291666666666668,64.13258686532767,NFKB1,1
Reactome_2022,213,Negative Regulation Of NOTCH4 Signaling R-HSA-9604323,0.04918837257235504,0.07053427010375439,21.291666666666668,64.13258686532767,AKT1,1
Reactome_2022,214,RHOJ GTPase Cycle R-HSA-9013409,0.05009404144634451,0.07116162897050808,20.88888888888889,62.538267077796924,CAV1,1
Reactome_2022,215,Regulation Of RUNX3 Expression And Activity R-HSA-8941858,0.05009404144634451,0.07116162897050808,20.88888888888889,62.538267077796924,TGFB1,1
Reactome_2022,216,Amino Acids Regulate mTORC1 R-HSA-9639288,0.05099889303736216,0.07144545384035988,20.50102880658436,61.01006438702954,MTOR,1
Reactome_2022,217,Intrinsic Pathway For Apoptosis R-HSA-109606,0.05099889303736216,0.07144545384035988,20.50102880658436,61.01006438702954,AKT1,1
Reactome_2022,218,ECM Proteoglycans R-HSA-3000178,0.05099889303736216,0.07144545384035988,20.50102880658436,61.01006438702954,TGFB1,1
Reactome_2022,219,Regulated Necrosis R-HSA-5218859,0.05280614714857625,0.0736379299686568,19.76686507936508,58.13687386922473,PDCD6IP,1
Reactome_2022,220,RHOQ GTPase Cycle R-HSA-9013406,0.05461014047974239,0.07580585710429993,19.083333333333332,55.485472758532836,CAV1,1
Reactome_2022,221,Formation Of beta-catenin:TCF Transactivating Complex R-HSA-201722,0.0555109160756712,0.07670599312274566,18.75894538606403,54.2354050228785,CTNNB1,1
Reactome_2022,222,Cell-cell Junction Organization R-HSA-421270,0.05641087856250512,0.07724732920270971,18.44537037037037,53.032159970359054,CTNNB1,1
Reactome_2022,223,Regulation Of PTEN Gene Transcription R-HSA-8943724,0.05641087856250512,0.07724732920270971,18.44537037037037,53.032159970359054,MTOR,1
Reactome_2022,224,Asymmetric Localization Of PCP Proteins R-HSA-4608870,0.05731002862727961,0.0777778959941652,18.14207650273224,51.8732701693752,WNT5A,1
Reactome_2022,225,MAP Kinase Activation R-HSA-450294,0.05731002862727961,0.0777778959941652,18.14207650273224,51.8732701693752,NFKB1,1
Reactome_2022,226,Oxygen-dependent Proline Hydroxylation Of Hypoxia-inducible Factor Alpha R-HSA-1234176,0.05910589424922246,0.0798586304522828,17.56437389770723,49.67950767349094,HIF1A,1
Reactome_2022,227,Activation Of NF-kappaB In B Cells R-HSA-1169091,0.06089851847702341,0.08191659122573061,17.022222222222222,47.63747925968391,NFKB1,1
Reactome_2022,228,Regulation Of PTEN Stability And Activity R-HSA-8948751,0.06179361679407297,0.08275444716034441,16.763468013468014,46.668744079814495,AKT1,1
Reactome_2022,229,RHOB GTPase Cycle R-HSA-9013026,0.06358138928022476,0.08403801017907968,16.268790849673202,44.82758713858363,CAV1,1
Reactome_2022,230,Interleukin-17 Signaling R-HSA-448424,0.06358138928022476,0.08403801017907968,16.268790849673202,44.82758713858363,NFKB1,1
Reactome_2022,231,Circadian Clock R-HSA-400253,0.06358138928022476,0.08403801017907968,16.268790849673202,44.82758713858363,HIF1A,1
Reactome_2022,232,RHOC GTPase Cycle R-HSA-9013106,0.06714725693918218,0.0879860608168594,15.361882716049383,41.49040525939519,CAV1,1
Reactome_2022,233,Cellular Response To Hypoxia R-HSA-1234174,0.06714725693918218,0.0879860608168594,15.361882716049383,41.49040525939519,HIF1A,1
Reactome_2022,234,RHOG GTPase Cycle R-HSA-9013408,0.06803671175551504,0.08838957424648108,15.150684931506849,40.72061468284932,CAV1,1
Reactome_2022,235,Signaling By NOTCH1 R-HSA-1980143,0.06803671175551504,0.08838957424648108,15.150684931506849,40.72061468284932,HIF1A,1
Reactome_2022,236,FCERI Mediated NF-kB Activation R-HSA-2871837,0.07158650318891448,0.09260551901885107,14.36075036075036,37.867126289308175,NFKB1,1
Reactome_2022,237,Downstream Signaling Events Of B Cell Receptor (BCR) R-HSA-1168372,0.0724719475151733,0.09335369510429102,14.175925925925926,37.20550751521447,NFKB1,1
Reactome_2022,238,DDX58/IFIH1-mediated Induction Of Interferon-Alpha/Beta R-HSA-168928,0.07424043671117812,0.09443135046108012,13.82013888888889,35.938529151001916,NFKB1,1
Reactome_2022,239,Senescence-Associated Secretory Phenotype (SASP) R-HSA-2559582,0.07424043671117812,0.09443135046108012,13.82013888888889,35.938529151001916,NFKB1,1
Reactome_2022,240,Signaling By NOTCH4 R-HSA-9013694,0.07424043671117812,0.09443135046108012,13.82013888888889,35.938529151001916,AKT1,1
Reactome_2022,241,Cyclin E Associated Events During G1/S Transition R-HSA-69202,0.07512348293632184,0.095156411719341,13.64883401920439,35.3316731109601,AKT1,1
Reactome_2022,242,Cyclin A:Cdk2-associated Events At S Phase Entry R-HSA-69656,0.07688718207239005,0.09658555103308503,13.318607764390897,34.16777078072922,AKT1,1
Reactome_2022,243,Degradation Of Beta-Catenin By Destruction Complex R-HSA-195253,0.07688718207239005,0.09658555103308503,13.318607764390897,34.16777078072922,CTNNB1,1
Reactome_2022,244,RAC2 GTPase Cycle R-HSA-9013404,0.07952675768817616,0.09949026476216277,12.852067183462532,32.537086758724435,CAV1,1
Reactome_2022,245,PCP/CE Pathway R-HSA-4086400,0.08040502610852071,0.09976786913057263,12.703703703703704,32.021953951870294,WNT5A,1
Reactome_2022,246,Regulation Of mRNA Stability By Proteins That Bind AU-rich Elements R-HSA-450531,0.08040502610852071,0.09976786913057263,12.703703703703704,32.021953951870294,AKT1,1
Reactome_2022,247,Peptide Hormone Metabolism R-HSA-2980736,0.081282500607778,0.10004000074803447,12.558712121212121,31.520163750462697,CTNNB1,1
Reactome_2022,248,RAB GEFs Exchange GTP For GDP On RABs R-HSA-8876198,0.081282500607778,0.10004000074803447,12.558712121212121,31.520163750462697,AKT1,1
Reactome_2022,249,HCMV Late Events R-HSA-9610379,0.08303507054574952,0.10178492518511231,12.278395061728395,30.554690631035886,TSG101,1
Reactome_2022,250,Class B/2 (Secretin Family Receptors) R-HSA-373080,0.08391016734252489,0.1024445416551308,12.142857142857142,30.0901030781943,WNT5A,1
Reactome_2022,251,RAC3 GTPase Cycle R-HSA-9013423,0.08478447291772329,0.10309791906795152,12.010265700483092,29.63704634647099,CAV1,1
Reactome_2022,252,Downstream TCR Signaling R-HSA-202424,0.0856579879469774,0.10374513281227543,11.8805256869773,29.195118234670645,NFKB1,1
Reactome_2022,253,P75 NTR Receptor-Mediated Signaling R-HSA-193704,0.0865307131072755,0.10438625708179267,11.75354609929078,28.763934605361648,NFKB1,1
Reactome_2022,254,HCMV Early Events R-HSA-9609690,0.08740264907884675,0.1046078949605095,11.629239766081872,28.343128394593275,NFKB1,1
Reactome_2022,255,MyD88 Cascade Initiated On Plasma Membrane R-HSA-975871,0.08740264907884675,0.1046078949605095,11.629239766081872,28.343128394593275,NFKB1,1
Reactome_2022,256,CLEC7A (Dectin-1) Signaling R-HSA-5607764,0.09001372859328408,0.10689130270452483,11.27154195011338,27.139540712465095,NFKB1,1
Reactome_2022,257,Cellular Response To Heat Stress R-HSA-3371556,0.09001372859328408,0.10689130270452483,11.27154195011338,27.139540712465095,MTOR,1
Reactome_2022,258,KEAP1-NFE2L2 Pathway R-HSA-9755511,0.09088251453617983,0.10750305221400261,11.15712682379349,26.75688382123247,AKT1,1
Reactome_2022,259,TRAF6 Mediated Induction Of NFkB And MAP Kinases Upon TLR7/8 Or 9 Activation R-HSA-975138,0.09175051464357865,0.10810913353351904,11.045,26.38299470978668,NFKB1,1
Reactome_2022,260,MyD88 Dependent Cascade Initiated On Endosome R-HSA-975155,0.09261772960228992,0.10870961312392331,10.935093509350935,26.017591233462856,NFKB1,1
Reactome_2022,261,Toll Like Receptor 3 (TLR3) Cascade R-HSA-168164,0.09348416007077089,0.10888576498664503,10.827342047930284,25.660402944175114,NFKB1,1
Reactome_2022,262,Toll Like Receptor 7/8 (TLR7/8) Cascade R-HSA-168181,0.09348416007077089,0.10888576498664503,10.827342047930284,25.660402944175114,NFKB1,1
Reactome_2022,263,Cargo Recognition For Clathrin-Mediated Endocytosis R-HSA-8856825,0.09434980672385117,0.10947458490095707,10.72168284789644,25.311170493332494,WNT5A,1
Reactome_2022,264,"PI5P, PP2A And IER3 Regulate PI3K/AKT Signaling R-HSA-6811558",0.09607875125962116,0.11021864295443333,10.516402116402116,24.63558791711873,AKT1,1
Reactome_2022,265,Post-translational Protein Phosphorylation R-HSA-8957275,0.09607875125962116,0.11021864295443333,10.516402116402116,24.63558791711873,C3,1
Reactome_2022,266,Toll Like Receptor 9 (TLR9) Cascade R-HSA-168138,0.09607875125962116,0.11021864295443333,10.516402116402116,24.63558791711873,NFKB1,1
Reactome_2022,267,MyD88-independent TLR4 Cascade R-HSA-166166,0.09694205047358935,0.11079091482695926,10.416666666666666,24.308769758353346,NFKB1,1
Reactome_2022,268,Signaling By B Cell Receptor (BCR) R-HSA-983705,0.09866630616038638,0.11233916506650733,10.222736625514404,23.675978316785635,NFKB1,1
Reactome_2022,269,MyD88:MAL(TIRAP) Cascade Initiated On Plasma Membrane R-HSA-166058,0.10124684279753365,0.11484716496436653,9.944944944944945,22.7758508139741,NFKB1,1
Reactome_2022,270,Negative Regulation Of PI3K/AKT Network R-HSA-199418,0.10210546516485934,0.11539056286288937,9.855654761904763,22.48813067007111,AKT1,1
Reactome_2022,271,Interleukin-1 Signaling R-HSA-9020702,0.1029633103992646,0.1155012780862599,9.76794493608653,22.20627570308965,NFKB1,1
Reactome_2022,272,Macroautophagy R-HSA-1632852,0.1029633103992646,0.1155012780862599,9.76794493608653,22.20627570308965,MTOR,1
Reactome_2022,273,TCR Signaling R-HSA-202403,0.10467667208063927,0.11699157467836153,9.597101449275362,21.659496656321434,NFKB1,1
Reactome_2022,274,Transcriptional Regulation By RUNX2 R-HSA-8878166,0.10724090260421693,0.11941844099517196,9.351694915254237,20.879319282150796,AKT1,1
Reactome_2022,275,Rab Regulation Of Trafficking R-HSA-9007101,0.10979817462010398,0.12181987257121026,9.118457300275482,20.14368774115404,AKT1,1
Reactome_2022,276,Regulation Of IGF Transport And Uptake By IGFBPs R-HSA-381426,0.11064905538398992,0.1223175012244834,9.043260473588342,19.907758995082986,C3,1
Reactome_2022,277,G1/S Transition R-HSA-69206,0.11573818190767265,0.12747973659395828,8.616753472222221,18.581379947017673,AKT1,1
Reactome_2022,278,Fc Epsilon Receptor (FCERI) Signaling R-HSA-2454202,0.11658368279839468,0.12794743527332847,8.549526270456504,18.374179814597177,NFKB1,1
Reactome_2022,279,Signaling By Rho GTPases R-HSA-194315,0.12356161980873549,0.1351177425246604,3.5438885834707716,7.410325254942322,CAV1;CTNNB1,2
Reactome_2022,280,Death Receptor Signaling R-HSA-73887,0.1241588027455548,0.13528414349336437,7.988325281803543,16.66519519795103,NFKB1,1
Reactome_2022,281,C-type Lectin Receptors (CLRs) R-HSA-5621481,0.12583378549134516,0.13661953853346046,7.873412698412698,16.319957921301047,NFKB1,1
Reactome_2022,282,Clathrin-mediated Endocytosis R-HSA-8856828,0.1266701384150746,0.13703815686186008,7.817178881008668,16.15161194256294,WNT5A,1
Reactome_2022,283,"Signaling By Rho GTPases, Miro GTPases And RHOBTB3 R-HSA-9716542",0.12864045336448715,0.1386762334141989,3.4548542821383874,7.084986966158842,CAV1;CTNNB1,2
Reactome_2022,284,RHOA GTPase Cycle R-HSA-8980692,0.13084054459791253,0.14005466745692044,7.547564687975647,15.35005527176854,CAV1,1
Reactome_2022,285,Mitotic G1 Phase And G1/S Transition R-HSA-453279,0.13084054459791253,0.14005466745692044,7.547564687975647,15.35005527176854,AKT1,1
Reactome_2022,286,CDC42 GTPase Cycle R-HSA-9013148,0.1325034185366835,0.14133697977246237,7.44481981981982,15.047074005639388,CAV1,1
Reactome_2022,287,Interleukin-1 Family Signaling R-HSA-446652,0.13499207932143498,0.14348808431369312,7.295805739514349,14.61013679896534,NFKB1,1
Reactome_2022,288,Cellular Response To Starvation R-HSA-9711097,0.13582012879504807,0.14386522353203698,7.247441520467836,14.468965110330698,MTOR,1
Reactome_2022,289,Influenza Infection R-HSA-168255,0.13912482327889525,0.14685398012772277,7.060185185185185,13.925394457963822,TGFB1,1
Reactome_2022,290,S Phase R-HSA-69242,0.14241754308507834,0.14980945708603394,6.882291666666666,13.41353203158835,AKT1,1
Reactome_2022,291,Cellular Senescence R-HSA-2559583,0.1456983291967034,0.1527320416406822,6.713075880758808,12.930841107139003,NFKB1,1
Reactome_2022,292,RAC1 GTPase Cycle R-HSA-9013149,0.1562789599174832,0.16326049420932953,6.215944758317639,11.53749378505869,CAV1,1
Reactome_2022,293,Cellular Response To Chemical Stress R-HSA-9711123,0.15950948205133364,0.16606466624522406,6.077348066298343,11.15589558518887,AKT1,1
Reactome_2022,294,Metabolism Of Vitamins And Cofactors R-HSA-196854,0.1627282835274311,0.16883753649262473,5.944744744744745,10.793715148601839,AKT1,1
Reactome_2022,295,Ub-specific Processing Proteases R-HSA-5689880,0.17469508597019823,0.18063709569707573,5.494722222222222,9.586714339948625,HIF1A,1
Reactome_2022,296,G Alpha (Q) Signaling Events R-HSA-416476,0.18336756358478967,0.18896182823652902,5.205371248025276,8.829676548346452,GPR143,1
Reactome_2022,297,Neddylation R-HSA-8951664,0.20275776084297892,0.20823770032522157,4.648069679849341,7.417126090573529,HIF1A,1
Reactome_2022,298,Chromatin Modifying Enzymes R-HSA-3247509,0.20352422248263075,0.20832108967919108,4.628223159868729,7.367993589129905,NFKB1,1
Reactome_2022,299,RHO GTPase Effectors R-HSA-195258,0.22694122604158862,0.2315105124719562,4.086442786069652,6.060457046897869,CTNNB1,1
Reactome_2022,300,RHO GTPase Cycle R-HSA-9012999,0.34546488007006465,0.35124188475351054,2.46729797979798,2.622402916802401,CAV1,1
Reactome_2022,301,"Cell Cycle, Mitotic R-HSA-69278",0.39570367799275064,0.400979727032654,2.0709876543209877,1.919991190049669,AKT1,1
Reactome_2022,302,Cell Cycle R-HSA-1640170,0.46845812188941055,0.4731271397155508,1.6443763825080824,1.2469447014211357,AKT1,1
Reactome_2022,303,Metabolism Of RNA R-HSA-8953854,0.47469056799379994,0.47783421413945426,1.613700918964077,1.2023558436407895,AKT1,1
Reactome_2022,304,Metabolism Of Lipids R-HSA-556833,0.5077500970638831,0.5094258399584833,1.4629882960936313,0.9915635606947297,CAV1,1
Reactome_2022,305,Metabolism R-HSA-1430728,0.5936728924855166,0.5936728924855166,1.0307192735423432,0.5374446497742912,CAV1;AKT1,2
